{
    "count": 19282,
    "mean_error": 2.5611948598965055,
    "std_error": 33.3649225625539,
    "median_error": -0.38760884476322033,
    "mean_abs_error": 13.030125147523407,
    "median_abs_error": 2.1874680974416996,
    "rmse": 33.463080801318625,
    "p90_abs_error": 36.181822304523465,
    "p95_abs_error": 65.1428730901868
}